year,exam,program,institution,city,province,quota,list_type,closing_merit,source_title,source_url,source_type,note
2022,MDCAT,MBBS,King Edward Medical University,Lahore,Punjab,Open Merit,first,93.55,Dawn - UHS issues first merit list for MBBS admission,https://www.dawn.com/news/1727898,news,"First selection list (final list closes lower). Reported as 'King Edward Medical College'. Year inferred from article date."
2022,MDCAT,MBBS,Rawalpindi Medical University,Rawalpindi,Punjab,Open Merit,first,93.2318,Dawn - UHS issues first merit list for MBBS admission,https://www.dawn.com/news/1727898,news,First selection list. Reported as 'Rawalpindi Medical College'.
2022,MDCAT,MBBS,Allama Iqbal Medical College,Lahore,Punjab,Open Merit,first,92.6364,Dawn - UHS issues first merit list for MBBS admission,https://www.dawn.com/news/1727898,news,First selection list.
2022,MDCAT,MBBS,Services Institute of Medical Sciences,Lahore,Punjab,Open Merit,first,92.0955,Dawn - UHS issues first merit list for MBBS admission,https://www.dawn.com/news/1727898,news,First selection list.
2022,MDCAT,MBBS,Ameer-ud-Din Medical College,Lahore,Punjab,Open Merit,first,91.7455,Dawn - UHS issues first merit list for MBBS admission,https://www.dawn.com/news/1727898,news,First selection list.
2022,MDCAT,MBBS,Nishtar Medical University,Multan,Punjab,Open Merit,first,91.4939,Dawn - UHS issues first merit list for MBBS admission,https://www.dawn.com/news/1727898,news,First selection list. Reported as 'Nishtar Medical College Multan'.
2022,MDCAT,MBBS,Fatima Jinnah Medical University,Lahore,Punjab,Open Merit,first,91.3409,Dawn - UHS issues first merit list for MBBS admission,https://www.dawn.com/news/1727898,news,First selection list. Reported as 'Fatima Jinnah Medical College'.
2023,MDCAT,MBBS,King Edward Medical University,Lahore,Punjab,Open Merit,first,93.6955,Business Recorder - UHS releases first selection list for govt medical colleges,https://www.brecorder.com/news/40278935,news,First selection list. Year inferred from article date.
2023,MDCAT,MBBS,Allama Iqbal Medical College,Lahore,Punjab,Open Merit,first,92.9364,Business Recorder - UHS releases first selection list for govt medical colleges,https://www.brecorder.com/news/40278935,news,First selection list.
2023,MDCAT,MBBS,Rawalpindi Medical University,Rawalpindi,Punjab,Open Merit,first,92.3909,Business Recorder - UHS releases first selection list for govt medical colleges,https://www.brecorder.com/news/40278935,news,First selection list.
2023,MDCAT,MBBS,Services Institute of Medical Sciences,Lahore,Punjab,Open Merit,first,92.3864,Business Recorder - UHS releases first selection list for govt medical colleges,https://www.brecorder.com/news/40278935,news,First selection list.
2023,MDCAT,MBBS,Nishtar Medical University,Multan,Punjab,Open Merit,first,92.2273,Business Recorder - UHS releases first selection list for govt medical colleges,https://www.brecorder.com/news/40278935,news,First selection list.
2023,MDCAT,MBBS,Ameer-ud-Din Medical College,Lahore,Punjab,Open Merit,first,91.9682,Business Recorder - UHS releases first selection list for govt medical colleges,https://www.brecorder.com/news/40278935,news,First selection list.
2023,MDCAT,MBBS,Fatima Jinnah Medical University,Lahore,Punjab,Open Merit,first,91.6773,Business Recorder - UHS releases first selection list for govt medical colleges,https://www.brecorder.com/news/40278935,news,First selection list.
2023,MDCAT,MBBS,Punjab Medical College,Faisalabad,Punjab,Open Merit,first,91.6273,Business Recorder - UHS releases first selection list for govt medical colleges,https://www.brecorder.com/news/40278935,news,First selection list.
2023,MDCAT,MBBS,Quaid-e-Azam Medical College,Bahawalpur,Punjab,Open Merit,first,91.5273,Business Recorder - UHS releases first selection list for govt medical colleges,https://www.brecorder.com/news/40278935,news,First selection list.
2023,MDCAT,MBBS,Gujranwala Medical College,Gujranwala,Punjab,Open Merit,first,91.4909,Business Recorder - UHS releases first selection list for govt medical colleges,https://www.brecorder.com/news/40278935,news,First selection list.
2023,MDCAT,MBBS,Khawaja Muhammad Safdar Medical College,Sialkot,Punjab,Open Merit,first,91.4318,Business Recorder - UHS releases first selection list for govt medical colleges,https://www.brecorder.com/news/40278935,news,First selection list.
2023,MDCAT,MBBS,Sahiwal Medical College,Sahiwal,Punjab,Open Merit,first,91.3773,Business Recorder - UHS releases first selection list for govt medical colleges,https://www.brecorder.com/news/40278935,news,First selection list.
2024,MDCAT,MBBS,King Edward Medical University,Lahore,Punjab,Open Merit,final,93.67,Punjab medical colleges closing merit 2025-26 vs 2024 (aggregator quoting UHS),https://premeth.com/blogs/punjab-medical-colleges-closing-merit-2025,aggregator,"Unverified: aggregator sites disagree with each other. Replace with the UHS final list."
2024,MDCAT,MBBS,Allama Iqbal Medical College,Lahore,Punjab,Open Merit,final,92.92,Punjab medical colleges closing merit 2025-26 vs 2024 (aggregator quoting UHS),https://premeth.com/blogs/punjab-medical-colleges-closing-merit-2025,aggregator,Unverified aggregator figure.
2024,MDCAT,MBBS,Rawalpindi Medical University,Rawalpindi,Punjab,Open Merit,final,92.32,Punjab medical colleges closing merit 2025-26 vs 2024 (aggregator quoting UHS),https://premeth.com/blogs/punjab-medical-colleges-closing-merit-2025,aggregator,Unverified aggregator figure.
2025,MDCAT,MBBS,King Edward Medical University,Lahore,Punjab,Open Merit,final,94.87,Punjab medical colleges closing merit 2025-26 vs 2024 (aggregator quoting UHS),https://premeth.com/blogs/punjab-medical-colleges-closing-merit-2025,aggregator,"Unverified: another aggregator lists 94.50 for this cycle. Replace with the UHS final list."
2025,MDCAT,MBBS,Allama Iqbal Medical College,Lahore,Punjab,Open Merit,final,94.45,Punjab medical colleges closing merit 2025-26 vs 2024 (aggregator quoting UHS),https://premeth.com/blogs/punjab-medical-colleges-closing-merit-2025,aggregator,Unverified aggregator figure.
2025,MDCAT,MBBS,Rawalpindi Medical University,Rawalpindi,Punjab,Open Merit,final,93.93,Punjab medical colleges closing merit 2025-26 vs 2024 (aggregator quoting UHS),https://premeth.com/blogs/punjab-medical-colleges-closing-merit-2025,aggregator,Unverified aggregator figure.
2025,MDCAT,MBBS,Sargodha Medical College,Sargodha,Punjab,Open Merit,final,93.59,MBBS closing merit 2026 - government medical colleges (aggregator),https://raahban.com/guides/medical-colleges-closing-merit,aggregator,Unverified aggregator figure.
2025,MDCAT,MBBS,Sheikh Zayed Medical College,Rahim Yar Khan,Punjab,Open Merit,final,93.54,MBBS closing merit 2026 - government medical colleges (aggregator),https://raahban.com/guides/medical-colleges-closing-merit,aggregator,Unverified aggregator figure.
2025,MDCAT,MBBS,DG Khan Medical College,Dera Ghazi Khan,Punjab,Open Merit,final,93.53,MBBS closing merit 2026 - government medical colleges (aggregator),https://raahban.com/guides/medical-colleges-closing-merit,aggregator,Unverified aggregator figure.
